,time,magX,magY,magZ,linear_accX,linear_accY,linear_accZ,angular_velX,angular_velY,angular_velZ,orientationX,orientationY,orientationZ,orientationW
0,0.0,0.309,0.0565,-0.2742,-9.506,-0.555,1.935,-0.009384,0.009506,0.002822,-0.440010704561394,-0.7213462468687922,0.4222848837632769,-0.3282158572414334
1,0.04465031623840332,0.3084,0.0557,-0.2728,-9.512,-0.511,1.954,0.00324,0.009055,-0.005502,-0.44320025542090424,-0.7244633021843574,0.41876739003976626,-0.3214970146397381
2,0.04899764060974121,0.309,0.0576,-0.2758,-9.545,-0.536,1.996,0.003006,0.009439,-0.006656,-0.4492466662695107,-0.7287131281088999,0.40776754375304125,-0.31761649835782224
3,0.07462048530578613,0.3087,0.0581,-0.2741,-9.518,-0.589,1.983,-0.001789,0.012026,-0.006142,-0.45899954873293525,-0.7317757184804694,0.39446016202839035,-0.3134085076667359
4,0.10292315483093262,0.3082,0.0571,-0.2752,-9.514,-0.538,1.932,-0.002876,0.016435,-0.00995,-0.4755148159134239,-0.7327236307683764,0.37782682036514653,-0.30699940484175836
5,0.12615203857421875,0.3087,0.056,-0.275,-9.484,-0.538,1.909,-0.004523,0.012739,-0.00938,-0.4937110622847879,-0.7316993621409987,0.3595480931864756,-0.3026393878959765
6,0.1490311622619629,0.3082,0.0573,-0.2744,-9.548,-0.609,1.928,0.003358,0.013629,-0.010754,-0.5106553996361342,-0.7301185745089607,0.3385933809345284,-0.30251025167221823
7,0.1813185214996338,0.3079,0.0557,-0.2736,-9.506,-0.537,1.875,-0.006041,0.015796,-0.010371,-0.5303214571899395,-0.7258775205688454,0.3169857201250288,-0.30229295462114464
8,0.20075273513793945,0.3095,0.0568,-0.2771,-9.513,-0.574,1.904,0.005803,0.016334,-0.011365,-0.5499268223509552,-0.7202368563063055,0.29262931684481275,-0.30529894169474187
9,0.22732973098754883,0.3098,0.0563,-0.2744,-9.52,-0.565,1.934,0.0111,0.01287,-0.006336,-0.5646586915898788,-0.7154980128497644,0.2687685635554908,-0.31142674076636795
10,0.24845170974731445,0.31,0.0555,-0.2758,-9.487,-0.654,1.964,0.003515,0.012189,-0.006872,-0.5753742248309011,-0.7116042505179869,0.24764020223084043,-0.3181795441005634
11,0.2737147808074951,0.3085,0.0554,-0.2755,-9.5,-0.579,1.935,0.002478,0.013725,-0.004169,-0.5883088638724516,-0.705244710394723,0.23111842989271525,-0.3211025545106961
12,0.2997739315032959,0.3103,0.0544,-0.2755,-9.524,-0.619,1.879,-0.000703,0.015449,-0.001213,-0.6019011784947077,-0.6982538963589559,0.21421897286543506,-0.3229035447478031
13,0.3456430435180664,0.3095,0.0554,-0.2725,-9.517,-0.625,1.908,-0.000545,0.016366,0.001208,-0.6117085395367355,-0.6945491839879677,0.20081814960166894,-0.3210703419346667
14,0.34816598892211914,0.309,0.0552,-0.2734,-9.512,-0.6,1.916,0.000447,0.014119,0.003079,-0.61934006788954,-0.6935672785106383,0.19062684973721744,-0.31471211391554527
15,0.39324045181274414,0.3092,0.0557,-0.2747,-9.536,-0.624,1.933,1.2e-05,0.014814,-4.4e-05,-0.6260748749493041,-0.6926645802851266,0.1776612767894869,-0.3109380981886461
16,0.39826130867004395,0.3098,0.0544,-0.2758,-9.544,-0.57,1.89,-0.000401,0.015396,0.000734,-0.6326775776417456,-0.691938765946227,0.16670397983655671,-0.30520421038517515
17,0.42728424072265625,0.3097,0.0544,-0.2739,-9.497,-0.577,1.882,-0.004719,0.016111,0.000966,-0.6408232264370983,-0.6886592248982573,0.15544188028340805,-0.3015491440466007
18,0.4499659538269043,0.3108,0.0557,-0.2741,-9.512,-0.603,1.805,0.000106,0.013625,0.005225,-0.6467208343043352,-0.6883885198534005,0.14589422685684544,-0.29425887035158727
19,0.4749159812927246,0.3116,0.0541,-0.2725,-9.516,-0.582,1.85,0.009397,0.009647,0.007,-0.6415439825000983,-0.6992110333185118,0.14172638591524267,-0.2818490392727573
20,0.51009202003479,0.3116,0.0525,-0.275,-9.504,-0.583,1.907,0.010513,0.009196,0.00918,-0.6298412521235773,-0.7156290938382434,0.140512512362657,-0.26726621755319724
21,0.5250208377838135,0.3111,0.0538,-0.2736,-9.53,-0.466,1.884,0.018585,0.006874,0.00214,-0.6189676804350401,-0.7291835788342572,0.13875425019092744,-0.2567441858918797
22,0.5500006675720215,0.3108,0.0541,-0.2734,-9.525,-0.654,1.875,0.016336,0.008462,0.005482,-0.6067692707399323,-0.7424142887217043,0.13204641350104973,-0.25142756545193384
23,0.5769038200378418,0.3108,0.0519,-0.2712,-9.514,-0.601,1.853,0.008387,0.005965,0.012297,-0.5934621141378423,-0.7573157939861146,0.13591548952499155,-0.23622550025220662
24,0.6003575325012207,0.3116,0.0538,-0.2725,-9.526,-0.595,1.833,0.011687,0.006088,0.01481,-0.5685679502641281,-0.7800034313333555,0.14985918951438032,-0.21416665557161849
25,0.6248829364776611,0.3113,0.0506,-0.2731,-9.521,-0.527,1.873,0.016344,0.003474,0.014522,-0.5339710045575573,-0.8054738330430631,0.1719079547242474,-0.19114006821500018
26,0.6503605842590332,0.3108,0.0527,-0.2715,-9.519,-0.519,1.882,0.021741,0.001999,0.010376,-0.4977254568669725,-0.8273179356714468,0.19240139500054532,-0.175488193633485
27,0.6786205768585205,0.3118,0.0508,-0.2723,-9.517,-0.53,1.851,0.028003,-5.6e-05,0.003756,-0.46883284085950055,-0.8427691855229489,0.20325660633499087,-0.16918220723757646
28,0.701641321182251,0.3108,0.0508,-0.2707,-9.523,-0.586,1.896,0.024723,0.000654,0.004534,-0.4436193534220251,-0.8555123605366622,0.20846405129473222,-0.16686284654230207
29,0.7390477657318115,0.3113,0.0508,-0.2693,-9.527,-0.559,1.881,0.011638,0.001551,0.0041,-0.42189039433532294,-0.8647640256856931,0.2176230934047811,-0.16380434751371503
30,0.7496821880340576,0.3115,0.0503,-0.2723,-9.545,-0.477,1.878,0.003312,-0.000909,-0.000211,-0.41289393620464215,-0.8683350818006702,0.2227624023627338,-0.16090275091882
31,0.7752230167388916,0.3115,0.05,-0.2701,-9.491,-0.52,1.928,0.009047,-0.001591,-0.010289,-0.4175474913282503,-0.8675978600902868,0.2141779553225697,-0.16448662287883184
32,0.7996439933776855,0.311,0.053,-0.2731,-9.488,-0.471,1.977,0.003063,0.000674,-0.018561,-0.43994916009289425,-0.8604341276367521,0.18736470210392514,-0.1760463488319074
33,0.8246514797210693,0.3121,0.05,-0.271,-9.526,-0.529,1.797,0.009017,0.002427,-0.02869,-0.4892462872378388,-0.837388356860829,0.13329125743237116,-0.20408883092910407
34,0.8498001098632812,0.3116,0.0524,-0.2717,-9.588,-0.733,1.728,0.005588,0.001024,-0.020104,-0.5331055798869575,-0.8065645236882134,0.08165652986090885,-0.24204198179669284
35,0.8744463920593262,0.3121,0.0508,-0.2701,-9.522,-0.709,1.81,-0.005609,-0.005306,0.003979,-0.543827930192637,-0.7975283739062141,0.07287260344486157,-0.2507773092288658
36,0.9056396484375,0.311,0.0503,-0.2696,-9.498,-0.67,1.813,0.004646,-0.006152,0.019884,-0.513929077476993,-0.8209419851662306,0.10188133122055146,-0.2270492340081848
37,0.9351663589477539,0.31,0.05,-0.2723,-9.523,-0.644,1.868,-0.002917,-0.005242,0.028897,-0.4597810211604643,-0.852567740739342,0.1561580788938029,-0.1932467708073067
38,0.949742317199707,0.311,0.0511,-0.2701,-9.541,-0.537,1.875,-0.004503,-0.00759,0.029987,-0.3931608673439322,-0.87552057647043,0.22773579104303227,-0.16439179433371126
39,0.9744806289672852,0.3105,0.0505,-0.2707,-9.518,-0.52,1.933,-0.008275,-0.005962,0.03028,-0.3220780455380674,-0.8837553390516079,0.3044269906259873,-0.15022130560796293
40,0.9996545314788818,0.3113,0.0508,-0.2715,-9.552,-0.483,1.829,-0.013723,-0.009635,0.024996,-0.2598410004810983,-0.8762233499620655,0.3775425141580626,-0.14891925816846718
41,1.0245823860168457,0.3097,0.0489,-0.2707,-9.479,-0.487,1.872,0.006254,-0.011763,0.017265,-0.20189172630653843,-0.860820766518403,0.43741842577973516,-0.16398920564480152
42,1.0595972537994385,0.3097,0.0514,-0.271,-9.513,-0.497,1.944,0.011878,-0.00996,0.014206,-0.15273638698144498,-0.842204644901577,0.48156729404809834,-0.18829730083369547
43,1.0742154121398926,0.3107,0.0492,-0.2699,-9.535,-0.563,1.932,0.00966,-0.008204,0.016484,-0.10786876371737297,-0.8194006858610178,0.5194450984794464,-0.2170797906076419
44,1.10115385055542,0.3094,0.0492,-0.2702,-9.541,-0.51,1.93,0.004541,-0.007217,0.017978,-0.06832187217149355,-0.7889979293985783,0.5576248823693658,-0.24873455680763196
45,1.145275592803955,0.3089,0.0497,-0.2694,-9.536,-0.475,1.899,0.010345,-0.005239,0.013991,-0.034277023558668324,-0.7579057414789987,0.5866598654944044,-0.28325637663998854
46,1.1488540172576904,0.3108,0.0503,-0.272,-9.508,-0.524,1.913,0.006027,-0.005407,0.009067,-0.01129360557847861,-0.7324432436934604,0.6047993368450953,-0.3124373719524811
47,1.1905930042266846,0.3089,0.0495,-0.2713,-9.543,-0.494,1.955,-0.002442,-0.001668,0.009087,0.004706749979181468,-0.708367594987188,0.6206149674086902,-0.3361997309710568
48,1.1987519264221191,0.31,0.0495,-0.2715,-9.572,-0.498,1.865,-0.009055,-0.002471,0.007326,0.01446016162672159,-0.6870303697108564,0.6345033506133776,-0.35381587426384686
49,1.2325246334075928,0.3102,0.05,-0.2699,-9.506,-0.486,1.918,-0.000783,-0.003537,0.000437,0.01788301383710819,-0.6753103263521542,0.6415653594793134,-0.3633593957150808
50,1.248746633529663,0.3081,0.0505,-0.2704,-9.521,-0.551,1.841,-0.00152,-0.006,0.00101,0.020048229309456628,-0.667485233058255,0.6444804126263215,-0.37243325562002194
51,1.2829468250274658,0.31,0.0505,-0.2696,-9.532,-0.502,1.908,-0.008416,-0.00497,0.002735,0.02056449183120035,-0.6569731849256912,0.6505655323478732,-0.38043110294144744
52,1.3042514324188232,0.31,0.0484,-0.2704,-9.533,-0.466,1.898,0.001357,-0.006929,0.003052,0.02479668346800276,-0.6425486671734549,0.6562118946258673,-0.39484463293064265
53,1.3285942077636719,0.3087,0.0505,-0.2704,-9.527,-0.467,1.843,0.001545,-0.005363,-0.000968,0.02587607905124073,-0.6342869502572511,0.6582312307612619,-0.4046506395853141
54,1.3494024276733398,0.3089,0.0519,-0.2704,-9.493,-0.492,1.907,-0.000815,-0.00449,-0.003001,0.024216710367400057,-0.6328794001664915,0.6580280089219881,-0.4072792104417403
55,1.3745546340942383,0.3076,0.0486,-0.2688,-9.498,-0.532,1.876,0.005799,-0.004097,-0.003133,0.022893988896384526,-0.6351579497295647,0.6555534362736236,-0.4077988920504714
56,1.401918649673462,0.3089,0.0505,-0.2696,-9.516,-0.556,1.875,-0.002272,-0.002986,-0.005174,0.020184780978303063,-0.6397560020749974,0.6530629991872728,-0.40473886830695915
57,1.4248156547546387,0.3087,0.0503,-0.2702,-9.534,-0.511,1.847,0.00339,-0.003648,-0.001987,0.02009331819395624,-0.6388407316050693,0.6528181201838178,-0.40657998003581397
58,1.4518139362335205,0.3089,0.0519,-0.2683,-9.504,-0.505,1.914,0.004865,-0.005817,-0.00275,0.021823532738138446,-0.6359549346549136,0.6516171560890172,-0.41289240293005325
59,1.4753262996673584,0.3081,0.0511,-0.2702,-9.505,-0.527,1.909,0.001829,-0.005511,-0.004516,0.022399572891856234,-0.6374340308038204,0.6487170593549378,-0.41514129210346995
60,1.4996919631958008,0.3084,0.0505,-0.2718,-9.531,-0.517,1.899,0.002704,-0.003559,-0.000867,0.021893977089379818,-0.6375785631380538,0.6476992306201855,-0.4165332354663239
61,1.5318219661712646,0.3084,0.05,-0.2694,-9.513,-0.514,1.93,0.002836,-0.004166,-0.003209,0.022113710022066274,-0.6393491461610953,0.6452903367303207,-0.41754524839184537
62,1.562180757522583,0.3095,0.0513,-0.2693,-9.536,-0.516,1.893,0.003868,-0.003722,-0.003581,0.020263549910045475,-0.6432294503843922,0.6422132020295789,-0.4164222206392826
63,1.5749156475067139,0.3076,0.0486,-0.2699,-9.498,-0.493,1.959,-6.3e-05,-0.001212,-0.004477,0.018033212279960742,-0.646642036308456,0.6408670496618736,-0.41330171157570217
64,1.600616216659546,0.3076,0.0505,-0.2707,-9.497,-0.521,1.902,0.002457,0.000544,-0.006877,0.015085416642464822,-0.6536104744982141,0.6377427175708404,-0.40724685881698575
65,1.6250882148742676,0.3087,0.0521,-0.2691,-9.517,-0.521,1.908,-0.002209,-0.001586,-0.005313,0.011835608247890206,-0.6610907564341735,0.6350232599886637,-0.39945511563636876
66,1.6498944759368896,0.3079,0.0513,-0.271,-9.562,-0.542,1.9,0.00663,-0.001271,-0.003208,0.012269359662012203,-0.6665006855533564,0.6315655164398645,-0.39591829638757214
67,1.6972475051879883,0.3074,0.0503,-0.2702,-9.514,-0.504,1.924,0.00312,0.000552,-0.001704,0.012840154847190727,-0.6722002584916019,0.6277069715275002,-0.3923848886018645
68,1.6997830867767334,0.3089,0.0492,-0.2686,-9.491,-0.545,1.901,0.004324,-0.000445,-0.003296,0.013676512425512738,-0.6756514603969774,0.6251728458248685,-0.3904701908142818
69,1.7254254817962646,0.3076,0.0497,-0.2713,-9.518,-0.524,1.904,0.004262,-0.000721,-0.009374,0.010149950441126349,-0.6861068927851031,0.6191522784952642,-0.381843902940634
70,1.7602050304412842,0.3084,0.0508,-0.2696,-9.555,-0.542,1.862,0.015495,0.00044,-0.007133,0.008312856577801647,-0.6979246971095717,0.6101663715342313,-0.3748719949913303
71,1.787771224975586,0.3084,0.0503,-0.2721,-9.541,-0.557,1.904,0.007121,-0.000398,-0.003577,0.010549972827186088,-0.7061448576983647,0.6029265714188043,-0.37111681112106365
72,1.801358699798584,0.3081,0.0508,-0.2702,-9.502,-0.509,1.949,0.009111,-0.000406,0.001024,0.016512355834308795,-0.7048074240789579,0.6022870432599547,-0.374465158044332
73,1.825399398803711,0.3081,0.0497,-0.2696,-9.48,-0.515,1.925,0.012224,-0.000102,-0.001826,0.02302180909157442,-0.7043163157260482,0.5998137103558497,-0.3789881747197209
74,1.8518269062042236,0.3087,0.0511,-0.2696,-9.506,-0.542,1.917,0.013424,-0.001464,-0.002796,0.027908293445262217,-0.7068899074739092,0.5949272260021665,-0.38156176646759077
75,1.8745365142822266,0.3076,0.0494,-0.2696,-9.544,-0.557,1.929,0.012136,-0.003818,-0.004466,0.03272918225592697,-0.707596300466343,0.5907949617022357,-0.38626103792960637
76,1.9012415409088135,0.3081,0.0489,-0.2699,-9.505,-0.562,1.956,0.011072,-0.001029,-0.001602,0.03814337382542754,-0.7091494042930994,0.586341968617794,-0.3896861573899767
77,1.92903733253479,0.3081,0.0505,-0.2707,-9.483,-0.519,1.921,0.014854,0.00025,0.001206,0.04651901583173157,-0.7068244082996376,0.5835485360621028,-0.397122579385372
78,1.9501945972442627,0.3082,0.0508,-0.2729,-9.515,-0.53,1.884,0.017615,-0.001963,0.001427,0.0566724906826504,-0.7011832987866758,0.5815263489808691,-0.4086041063712412
79,1.9812431335449219,0.3089,0.05,-0.2704,-9.52,-0.516,1.9,0.016472,-0.002418,-0.000753,0.06663644720921102,-0.696910275820897,0.5785468432944227,-0.41852025216545247
80,2.0013208389282227,0.3089,0.0514,-0.2718,-9.534,-0.521,1.926,0.014604,0.000439,0.000982,0.07678330540241404,-0.6908857005499837,0.5762501549350038,-0.4297871935323598
81,2.024207592010498,0.3081,0.0502,-0.2691,-9.504,-0.524,1.895,0.013541,-0.00238,-0.001416,0.08327549462827277,-0.6885779699504009,0.5727763886981789,-0.4368670047546209
82,2.059325695037842,0.3092,0.0511,-0.2693,-9.525,-0.51,1.92,0.006657,-0.003851,-0.003199,0.08858505325275598,-0.6866615956718947,0.5701959041145831,-0.4421822840192572
83,2.073732614517212,0.3081,0.0494,-0.2705,-9.51,-0.478,1.958,0.001637,-0.00366,-0.006904,0.08837624176958175,-0.6889032068410339,0.567574135453549,-0.44211040731810475
84,2.099897861480713,0.3076,0.05,-0.2713,-9.533,-0.523,1.919,0.004152,-0.003207,-0.006555,0.08625736366178699,-0.696018763914296,0.5626020598199281,-0.4377173400491551
85,2.1251347064971924,0.3079,0.0513,-0.2702,-9.524,-0.516,1.884,0.007988,-0.004254,-0.005984,0.0843423857541114,-0.7039157733066004,0.5566832819563685,-0.43300423744550304
86,2.1494832038879395,0.3084,0.0495,-0.2715,-9.489,-0.57,1.896,0.005153,-0.002664,-0.003266,0.08372915295620345,-0.7100281432179856,0.5509062003850659,-0.43052505520694834
87,2.18302059173584,0.3079,0.0489,-0.2688,-9.503,-0.565,1.91,-0.002066,-0.003884,-0.001421,0.08199380559467137,-0.7117099478352098,0.5491246405501441,-0.4303581010474662
88,2.1995043754577637,0.3081,0.0492,-0.2691,-9.504,-0.481,1.952,-0.006101,-0.003793,0.000994,0.0798341100857371,-0.7074456243661309,0.5529339747206822,-0.4329101789420314
89,2.2249507904052734,0.3079,0.0516,-0.2699,-9.54,-0.518,1.886,-0.011635,-0.001086,0.001795,0.07743160011401343,-0.7004589500028011,0.5587708277681515,-0.43719191289415626
90,2.258014440536499,0.3074,0.0505,-0.2723,-9.496,-0.512,1.92,-0.006825,-0.004654,0.004092,0.07762567833626377,-0.6881932374548806,0.5669166042322141,-0.4460604060326585
91,2.287909984588623,0.3068,0.05,-0.2699,-9.496,-0.527,1.925,-0.008925,-0.004384,0.001794,0.0768830515899451,-0.6783706233000375,0.5726808857227241,-0.4538049106715051
92,2.3004038333892822,0.3071,0.05,-0.2705,-9.524,-0.493,1.9,-0.003359,-0.003844,5.3e-05,0.07537120409311254,-0.668203633183828,0.5792220410134269,-0.46078727564650357
93,2.328531265258789,0.3074,0.0513,-0.2702,-9.496,-0.539,1.946,-0.000373,-0.002332,0.00019,0.07644882469977729,-0.6614543499520098,0.5815685735395636,-0.4673453909077785
94,2.358262300491333,0.3079,0.0513,-0.2685,-9.544,-0.542,1.917,-0.003496,-0.001972,0.00721,0.07781122386363096,-0.6472051259042553,0.5874421186737381,-0.47956511096222465
95,2.375241279602051,0.3089,0.0503,-0.2696,-9.495,-0.518,1.905,-0.003186,-0.003341,0.010996,0.0793589172791597,-0.6264433378939444,0.5950361663964968,-0.4971949993078507
96,2.40073299407959,0.3079,0.0521,-0.2696,-9.493,-0.529,1.909,-0.00536,-0.00204,0.009898,0.08103753196647762,-0.6020351786584932,0.6028659371335462,-0.5172419394388948
97,2.426013708114624,0.3068,0.0503,-0.2718,-9.523,-0.56,1.964,-0.002862,-0.003977,0.005997,0.08192444445999975,-0.577680182853159,0.6073734705305996,-0.5391395543217692
98,2.4572269916534424,0.3076,0.0508,-0.2715,-9.551,-0.461,1.957,-0.007008,-0.001995,0.005206,0.08026587856082246,-0.5563053845651561,0.6119592506959474,-0.5564059519184957
99,2.476053476333618,0.3071,0.0516,-0.2694,-9.496,-0.526,1.943,-0.001565,-0.003079,0.000457,0.07795736590364033,-0.5457601336968027,0.6127305934597619,-0.5662417729266025
100,2.5115339756011963,0.3066,0.0497,-0.2705,-9.507,-0.533,1.966,0.000637,-0.002994,0.002486,0.07791083635274337,-0.5385916953499998,0.6134954335957393,-0.5722519027805889
101,2.525325298309326,0.3068,0.05,-0.2702,-9.505,-0.538,1.95,-0.007262,0.000509,0.007873,0.07638795786369226,-0.5258841146429036,0.6154023930527874,-0.5821431718096218
102,2.5520195960998535,0.3079,0.0516,-0.2718,-9.519,-0.492,1.921,0.000368,0.000693,0.008502,0.0738445431348212,-0.5028953712688293,0.6155685594994609,-0.6022612203698281
103,2.5921473503112793,0.3071,0.0511,-0.2713,-9.546,-0.504,1.911,6e-05,-0.001141,0.009579,0.07130841131673421,-0.4813169560656365,0.6125719529211882,-0.6229002334030026
104,2.6008450984954834,0.3076,0.0508,-0.2713,-9.489,-0.504,1.926,0.002946,-0.002223,0.008033,0.0671997663498917,-0.45728798160419104,0.6078474473648376,-0.6456728072444556
105,2.627286434173584,0.3074,0.0505,-0.2704,-9.49,-0.524,1.929,0.001811,-0.000293,0.003607,0.06438799172294182,-0.44204381594512243,0.6034700724596891,-0.660511410160384
106,2.6563005447387695,0.3066,0.0511,-0.2704,-9.504,-0.466,1.911,0.005994,-0.000624,-6e-05,0.06236309473234816,-0.43215280628641073,0.600034062707951,-0.6703088243670783
107,2.6746513843536377,0.3079,0.0508,-0.2704,-9.54,-0.479,1.929,0.008283,0.000522,-0.001238,0.06356300996338288,-0.42737442627552846,0.5959615002326363,-0.6768609412357335
108,2.70078706741333,0.3074,0.0503,-0.2718,-9.537,-0.455,1.938,0.007616,-0.000743,-0.001218,0.06504244766647088,-0.42597340669635886,0.5915109264489977,-0.6814917172501082
109,2.7251217365264893,0.3071,0.0497,-0.2699,-9.493,-0.506,1.988,0.004231,2.8e-05,-0.005992,0.0684645491814081,-0.430181212643456,0.5895387259751269,-0.6802211554851968
110,2.7630631923675537,0.3084,0.0511,-0.2715,-9.507,-0.498,1.898,0.007821,0.001585,-0.011704,0.07534244289413122,-0.44358833151701504,0.5923785629170719,-0.6683117136763354
111,2.7743613719940186,0.3079,0.0511,-0.2721,-9.536,-0.499,1.925,0.010399,0.001628,-0.010177,0.08462929237225467,-0.46288912451615793,0.5938695083091002,-0.652602902520318
112,2.8022255897521973,0.3071,0.0497,-0.2707,-9.519,-0.514,1.929,0.007601,0.000116,-0.007267,0.09235442636868299,-0.478801087470504,0.59418897083494,-0.6396558805367845
113,2.824599504470825,0.3074,0.0511,-0.271,-9.491,-0.521,1.934,0.007525,0.000624,-0.006999,0.09823989000825267,-0.4962550687662177,0.5936392459422728,-0.6258372603257915
114,2.8598289489746094,0.3081,0.0505,-0.2702,-9.487,-0.517,1.904,0.011197,-0.000771,-0.009887,0.1047376603897428,-0.5136028238256453,0.5922702969315904,-0.6119297812878302
115,2.875554084777832,0.3084,0.05,-0.2696,-9.489,-0.572,1.894,0.020125,-0.001359,-0.00605,0.11216081737621658,-0.5292395503809857,0.5859935743002942,-0.6032718957790068
116,2.9009454250335693,0.3079,0.0513,-0.271,-9.526,-0.57,1.982,0.024609,-0.001801,0.00415,0.12184351824941356,-0.5298467399043171,0.5762260195126596,-0.6102295991755626
117,2.9245707988739014,0.3081,0.0494,-0.2691,-9.53,-0.501,1.943,0.010376,-0.002088,0.009458,0.12598302255174587,-0.5135101783747578,0.568116385501225,-0.6306182262346007
118,2.9498987197875977,0.3076,0.0511,-0.2704,-9.531,-0.459,1.968,0.015602,-0.000632,0.009134,0.12660367677353576,-0.48599346050224634,0.5593953762497242,-0.6594381535875089
119,2.975813388824463,0.3079,0.0489,-0.2699,-9.51,-0.487,1.932,0.009031,6.2e-05,0.001735,0.12665384800991147,-0.47049747236463224,0.5521955464162209,-0.6765138651948425
120,3.0007483959198,0.3084,0.0492,-0.2699,-9.505,-0.541,1.975,0.007908,0.000191,0.001493,0.12779580855695133,-0.4597612834312921,0.5455088774856919,-0.6889904630379048
121,3.025115489959717,0.3071,0.0492,-0.2713,-9.507,-0.497,1.955,0.009173,0.000136,0.001338,0.12814619002534866,-0.451204080065735,0.5398703828098832,-0.698951644878765
122,3.052381753921509,0.3079,0.05,-0.2707,-9.526,-0.474,1.93,0.015424,0.000261,0.003091,0.1301801231475674,-0.4426825637555099,0.5323374126858117,-0.7097197773340608
123,3.087606430053711,0.3076,0.0492,-0.2723,-9.487,-0.536,1.939,0.011159,-0.000131,0.007119,0.12843492976176332,-0.42744536815521456,0.5221692297500953,-0.726728437287228
124,3.1005449295043945,0.3084,0.0484,-0.2723,-9.507,-0.542,1.959,0.007486,0.000535,0.013238,0.12095964564088885,-0.4035693077136856,0.5089245629685026,-0.7506639509162842
125,3.123790740966797,0.3084,0.0478,-0.2707,-9.534,-0.508,1.951,0.006356,-0.002606,0.008936,0.11013521575550575,-0.37797890358306413,0.4923358077349063,-0.7762780655916091
126,3.1575942039489746,0.3071,0.0492,-0.2705,-9.506,-0.477,1.934,-0.003391,-0.000567,0.01209,0.09478394151769429,-0.35308084768533354,0.47699200159852606,-0.799267508309457
127,3.194422483444214,0.3081,0.0476,-0.2718,-9.488,-0.456,1.976,-0.001155,0.002733,0.012366,0.07728778594333613,-0.32655732331086335,0.46122049428227724,-0.8213784562490261
128,3.198779821395874,0.3074,0.0486,-0.271,-9.495,-0.507,1.987,-0.010174,0.005941,0.012767,0.059737709119334556,-0.3038888431486839,0.4498173438706939,-0.8377036076513235
129,3.2250709533691406,0.3087,0.0489,-0.2702,-9.53,-0.447,1.926,-0.022701,0.009162,0.012845,0.042535529563856755,-0.2822184121538575,0.4454281437645007,-0.8486090179279201
130,3.251399278640747,0.3081,0.0502,-0.2691,-9.53,-0.477,1.956,-0.021597,0.006271,0.016612,0.015804256181190635,-0.25458997825085095,0.4356124142702757,-0.8632357690656779
131,3.278027296066284,0.3084,0.0478,-0.2699,-9.507,-0.457,1.916,-0.019986,0.006965,0.016535,-0.0176635688172702,-0.22521031676418035,0.4171867348060028,-0.8802974155713063
132,3.3003573417663574,0.3089,0.0481,-0.2699,-9.499,-0.448,1.967,-0.016734,0.004271,0.014259,-0.05501441059431983,-0.19877412916599846,0.39501142576532644,-0.8952252418894938
133,3.3248345851898193,0.3087,0.0486,-0.2705,-9.5,-0.472,1.937,-0.011651,0.003567,0.012142,-0.08864196404309566,-0.17882913840674608,0.3718711152539723,-0.9065730059443918
134,3.352545738220215,0.3087,0.0503,-0.2694,-9.548,-0.424,1.971,-0.009719,0.001666,0.007746,-0.11544993902190859,-0.1648026225658701,0.35410246454470706,-0.9133032638607032
135,3.3749167919158936,0.3079,0.0513,-0.2704,-9.527,-0.458,1.957,-0.005876,0.002013,0.004526,-0.13103983480732515,-0.156751668015001,0.34240631193297055,-0.917068914431541
136,3.40444278717041,0.3087,0.0494,-0.2707,-9.504,-0.476,1.939,-0.006672,0.004181,0.002314,-0.1411904597448539,-0.15149758800906157,0.3375088883004086,-0.9182600313760236
137,3.4305951595306396,0.3089,0.0489,-0.2694,-9.501,-0.465,1.928,-0.002154,0.003718,-0.000786,-0.1451735965149924,-0.14699717123808295,0.33735301141938717,-0.9184276804458666
138,3.4492743015289307,0.3094,0.0489,-0.2715,-9.509,-0.491,1.88,0.002157,0.004399,-0.001981,-0.14381618166605983,-0.14403075478569755,0.33543279216218247,-0.9198135080053668
139,3.489262342453003,0.3087,0.0481,-0.271,-9.506,-0.453,1.951,0.005643,0.002694,0.002289,-0.1468437686693284,-0.14057072583324054,0.328762773716597,-0.9222753478543565
140,3.4997353553771973,0.3089,0.0481,-0.2702,-9.538,-0.513,1.941,0.002571,0.005068,0.004526,-0.1538100965139865,-0.13640034433971907,0.3176267779261103,-0.9256622657420155
141,3.525726795196533,0.3087,0.0481,-0.2715,-9.511,-0.458,1.876,0.005848,0.003941,0.003939,-0.16316614126636003,-0.1308975190669943,0.30483965588654477,-0.9291476922671256
142,3.5585591793060303,0.3087,0.0516,-0.2696,-9.497,-0.479,1.967,0.006343,0.005205,0.004201,-0.1734304308510523,-0.12492508034346854,0.2887033110289423,-0.9332555963705346
143,3.5750083923339844,0.3089,0.0508,-0.2704,-9.523,-0.443,1.879,0.000292,0.003248,0.005173,-0.18740489849042896,-0.11946285239283055,0.2723626002787693,-0.9361766098815694
144,3.6064209938049316,0.3089,0.0495,-0.271,-9.547,-0.473,1.953,0.007312,0.003202,-0.000424,-0.19201278255740575,-0.11682722281424532,0.262551849794862,-0.9383757336554316
145,3.6384963989257812,0.3081,0.0492,-0.2683,-9.488,-0.479,1.944,0.006837,0.002746,-0.001886,-0.18500012743047026,-0.11681068664420445,0.2643267716398605,-0.9392878015448026
146,3.649634599685669,0.3097,0.0503,-0.2702,-9.484,-0.462,1.944,0.004499,0.004872,-0.002002,-0.17897737382535656,-0.11581777917440417,0.26759159404317023,-0.9396531703150491
147,3.6752471923828125,0.3089,0.0492,-0.271,-9.525,-0.479,1.947,0.007787,0.003116,-0.00528,-0.16522885144067445,-0.11623522901699039,0.2759462523075688,-0.9397033915147752
148,3.7008934020996094,0.3102,0.047,-0.2705,-9.546,-0.498,1.893,0.006625,0.004372,-0.003603,-0.1528007231069916,-0.1158002506371017,0.28213781333365096,-0.9400215397838876
149,3.7249064445495605,0.3092,0.0484,-0.2707,-9.529,-0.454,1.955,0.008956,0.004905,-0.005359,-0.13922768486313727,-0.11625555790301133,0.2896401885088041,-0.9397919228344618
150,3.7716832160949707,0.3092,0.0492,-0.2713,-9.523,-0.457,1.899,0.011346,0.002584,-0.004478,-0.12704683361135427,-0.11687769072271564,0.293643056716653,-0.9401980975957964
151,3.774747610092163,0.3089,0.0473,-0.2729,-9.494,-0.474,1.929,0.004303,0.004396,-0.00576,-0.11021220099646223,-0.11847846251636784,0.3049475747115903,-0.9385217639185529
152,3.8006300926208496,0.3092,0.0486,-0.2713,-9.533,-0.478,1.917,0.006249,0.004407,-0.009212,-0.09107405173950298,-0.12113124160215774,0.3196189436659741,-0.9353483149380861
153,3.8253204822540283,0.3102,0.0476,-0.2713,-9.517,-0.421,1.922,0.008473,0.004019,-0.010647,-0.06953542498853203,-0.1253014238543719,0.33616896841575106,-0.930835539999425
154,3.850490093231201,0.3092,0.0497,-0.2704,-9.496,-0.484,1.882,0.012291,0.002409,-0.015152,-0.035064951655475435,-0.13712699233439427,0.3613500037448714,-0.9216250929376345
155,3.876404047012329,0.3087,0.0484,-0.271,-9.494,-0.489,1.932,0.014703,0.003995,-0.011107,0.0012648493164399074,-0.15292344596412852,0.3869276153145553,-0.9093403325145402
156,3.9096195697784424,0.3094,0.0481,-0.2702,-9.531,-0.522,1.928,0.004467,0.003328,-0.006227,0.025569869138359867,-0.16535021937547942,0.40683698524636125,-0.8980474119891333
157,3.9298670291900635,0.3087,0.0503,-0.2707,-9.561,-0.475,1.909,0.006209,0.004605,-0.009706,0.04654737148781919,-0.1770626947626525,0.4254012070369319,-0.8862933811004595
158,3.9510979652404785,0.31,0.0486,-0.2704,-9.531,-0.463,1.926,0.010135,0.003738,-0.013007,0.07329199385224844,-0.19432212230484214,0.4450856681144039,-0.8710717217653543
159,3.974367141723633,0.3097,0.0484,-0.2713,-9.52,-0.508,1.909,0.007026,0.002735,-0.015598,0.1051173643897073,-0.21956902638205628,0.4710457786867702,-0.8478535585457972
160,3.9997782707214355,0.3097,0.0492,-0.2707,-9.502,-0.488,1.868,0.001902,0.005015,-0.013732,0.13255602282105225,-0.24653424109694722,0.49688289217175186,-0.8214360353963368
161,4.025830268859863,0.3097,0.0481,-0.2696,-9.523,-0.521,1.861,0.010952,0.0043,-0.01141,0.15888958250876734,-0.2721866940524236,0.5162606140370467,-0.7963312643272857
162,4.05016565322876,0.31,0.0502,-0.2683,-9.563,-0.483,1.918,0.00104,0.003707,-0.009946,0.17811685091651125,-0.29572537310499764,0.5310769882117647,-0.7738075495324507
163,4.075408697128296,0.3097,0.0489,-0.2723,-9.53,-0.476,1.902,-0.002453,0.000522,-0.007333,0.19031495595599246,-0.3164847001994823,0.5444788302490101,-0.7531005613394417
164,4.113112688064575,0.3092,0.0489,-0.2704,-9.473,-0.49,1.915,0.001447,0.000951,-0.006456,0.2007004498217882,-0.33644325121164664,0.5545975775801198,-0.7341299579078159
165,4.125040769577026,0.3097,0.0495,-0.271,-9.509,-0.558,1.917,-0.002611,0.000432,-0.005897,0.2084480988474231,-0.3553628618431921,0.5642196387217122,-0.7154878236491882
166,4.1494176387786865,0.3102,0.0494,-0.2702,-9.538,-0.488,1.893,-0.003812,0.00272,-0.002773,0.21338713914102284,-0.3663402112888794,0.5719624231433001,-0.7022248677981103
167,4.176092624664307,0.31,0.05,-0.2696,-9.559,-0.505,1.875,-0.006484,0.002691,-0.003792,0.2167152404349798,-0.37617844022953606,0.580609077159581,-0.6887796347087957
168,4.2104082107543945,0.3102,0.0494,-0.2694,-9.48,-0.514,1.925,-0.004717,0.001086,-0.007483,0.22141216566993946,-0.3928396957267136,0.5894227888925255,-0.670249507488702
169,4.224442958831787,0.3092,0.0489,-0.271,-9.49,-0.524,1.889,-0.010411,-0.00106,-0.006755,0.22350856851958273,-0.4125894218530794,0.5983184319163282,-0.6494835970234004
170,4.262718439102173,0.3102,0.0492,-0.2694,-9.511,-0.506,1.896,-0.007535,0.001648,-0.010186,0.22592648667582482,-0.43872783483265093,0.608451695865178,-0.6214995119548858
171,4.274747610092163,0.31,0.0505,-0.2718,-9.576,-0.554,1.901,-2e-05,0.001516,-0.006854,0.22848286041760435,-0.46369100760952703,0.6148628151526473,-0.5955921007703279
172,4.299899578094482,0.31,0.0511,-0.2712,-9.547,-0.529,1.845,-0.003702,0.000619,-0.004233,0.23012636429230082,-0.48041023634377156,0.6184770088106177,-0.577697196502112
173,4.324347734451294,0.3102,0.0494,-0.2699,-9.494,-0.504,1.937,-0.002463,7.2e-05,-0.001071,0.23050056176976724,-0.489029059168706,0.6211987577212849,-0.5673025416106685
174,4.351465940475464,0.3108,0.0511,-0.2693,-9.531,-0.506,1.909,-0.006348,0.002341,-0.003228,0.23010752191991404,-0.4970659262314529,0.6242007787577795,-0.5570901014501385
175,4.396012783050537,0.31,0.0486,-0.2688,-9.538,-0.501,1.93,-0.002307,0.003084,-0.005401,0.2302697502083651,-0.5078058338739899,0.6270697980432177,-0.5439600588320406
176,4.399932861328125,0.31,0.0495,-0.2712,-9.524,-0.517,1.931,-0.005962,0.004399,-0.00408,0.2288883761156957,-0.5209583592245236,0.6297391987757428,-0.5288109688333795
